{
  "name": "URIjs",
  "version": "1.16.0",
  "main": "src/URI.js",
  "ignore": [
    ".*",
    "*.css",
    "/*.js",
    "/*.html",
    "/*.json",
    "utils",
    "test",
    "prettify"
  ],
  "license": "MIT",
  "homepage": "https://github.com/medialize/URI.js",
  "_release": "1.16.0",
  "_resolution": {
    "type": "version",
    "tag": "v1.16.0",
    "commit": "5e5fd20f502861ea1ee7e644615fcd0a45d28098"
  },
  "_source": "git://github.com/medialize/URI.js.git",
  "_target": "~1.16.0",
  "_originalSource": "URIjs"
}